"date","buy_prices","sell_prices"
"2025-09-24","133100000","135100000"
"2025-09-25","132500000","134500000"
"2025-09-26","132500000","134500000"
"2025-09-27","133000000","135000000"
"2025-09-28","133000000","135000000"
"2025-09-29","134500000","136500000"
"2025-09-30","134800000","136800000"
"2025-10-01","136400000","138400000"
"2025-10-02","136000000","138000000"
"2025-10-03","135800000","137800000"
"2025-10-04","136600000","138600000"
"2025-10-05","136600000","138600000"
"2025-10-06","138100000","140100000"
"2025-10-07","138600000","140600000"
"2025-10-08","140500000","142500000"
"2025-10-09","140500000","142500000"
"2025-10-10","140200000","142200000"
"2025-10-11","140800000","142800000"
"2025-10-12","140800000","142800000"
"2025-10-13","142100000","144100000"
"2025-10-14","144100000","146100000"
"2025-10-15","146000000","148000000"
"2025-10-16","147100000","149100000"
"2025-10-17","151500000","153000000"
"2025-10-18","149500000","151000000"
"2025-10-19","149500000","151000000"
"2025-10-20","150500000","151500000"
"2025-10-21","151500000","152500000"
"2025-10-22","146600000","148600000"
"2025-10-23","147500000","149500000"
"2025-10-24","146500000","148500000"
"2025-10-25","147200000","149200000"
"2025-10-26","147200000","149200000"
"2025-10-27","146900000","148400000"
"2025-10-28","143100000","145100000"
"2025-10-29","146100000","148100000"
"2025-10-30","145800000","147800000"
"2025-10-31","146400000","148400000"
"2025-11-01","146400000","148400000"
"2025-11-02","146400000","148400000"
"2025-11-03","147000000","149000000"
"2025-11-04","146200000","148200000"
"2025-11-05","145500000","147500000"
"2025-11-06","146400000","148400000"
"2025-11-07","146400000","148400000"
"2025-11-08","146400000","148400000"
"2025-11-09","146400000","148400000"
"2025-11-10","148200000","150200000"
"2025-11-11","150000000","152000000"
"2025-11-12","149500000","151500000"
"2025-11-13","152500000","154500000"
"2025-11-14","151200000","153200000"
"2025-11-15","149000000","151000000"
"2025-11-16","149000000","151000000"
"2025-11-17","149000000","151000000"
"2025-11-18","147300000","149300000"
"2025-11-19","149000000","151000000"
"2025-11-20","148300000","150300000"
"2025-11-21","147800000","149800000"
"2025-11-22","148400000","150400000"
"2025-11-23","148400000","150400000"
"2025-11-24","148400000","150400000"
"2025-11-25","150900000","152900000"
"2025-11-26","151400000","153400000"
"2025-11-27","151400000","153400000"
"2025-11-28","152200000","154200000"
"2025-11-29","152900000","154900000"
"2025-11-30","152900000","154900000"
"2025-12-01","153200000","155200000"
"2025-12-02","152500000","154500000"
"2025-12-03","152500000","154500000"
"2025-12-04","151800000","153800000"
"2025-12-05","152900000","154900000"
"2025-12-06","152200000","154200000"
"2025-12-07","152200000","154200000"
"2025-12-08","152500000","154500000"
"2025-12-09","151700000","153700000"
"2025-12-10","152700000","154700000"
"2025-12-11","152500000","154500000"
"2025-12-12","153600000","155600000"
"2025-12-13","154300000","156300000"
"2025-12-14","154300000","156300000"
"2025-12-15","155200000","157200000"
"2025-12-16","153600000","155600000"
"2025-12-17","154200000","156200000"
"2025-12-18","154400000","156400000"
"2025-12-19","154400000","156400000"
"2025-12-20","154600000","156600000"
"2025-12-21","154600000","156600000"
"2025-12-22","155500000","157500000"
"2025-12-23","157000000","159000000"
"2025-12-24","157200000","159200000"
"2025-12-25","156800000","158800000"
"2025-12-26","157400000","159400000"
"2025-12-27","157700000","159700000"
"2025-12-28","157700000","159700000"
"2025-12-29","156000000","158000000"
"2025-12-30","152700000","154700000"
"2025-12-31","150800000","152800000"
"2026-01-01","150800000","152800000"
"2026-01-02","150800000","152800000"
"2026-01-03","150800000","152800000"
"2026-01-04","150800000","152800000"
"2026-01-05","155100000","157100000"
"2026-01-06","156000000","158000000"
"2026-01-07","156100000","158100000"
"2026-01-08","155200000","157200000"
"2026-01-09","156300000","158300000"
"2026-01-10","157800000","159800000"
"2026-01-11","157800000","159800000"
"2026-01-12","160000000","162000000"
"2026-01-13","160000000","162000000"
"2026-01-14","161500000","163500000"
"2026-01-15","160800000","162800000"
"2026-01-16","160800000","162800000"
"2026-01-17","160800000","162800000"
"2026-01-18","160800000","162800000"
"2026-01-19","163000000","165000000"
"2026-01-20","163000000","165000000"
"2026-01-21","168000000","170000000"
"2026-01-22","166700000","168700000"
"2026-01-23","171300000","173300000"
"2026-01-24","172300000","174300000"
"2026-01-25","172300000","174300000"
"2026-01-26","175000000","177000000"
"2026-01-27","175300000","177300000"
"2026-01-28","180700000","183200000"
"2026-01-29","188300000","191300000"
"2026-01-30","178000000","181000000"
"2026-01-31","169000000","172000000"
"2026-02-01","169000000","172000000"
"2026-02-02","163000000","166000000"
"2026-02-03","173500000","176500000"
"2026-02-04","177200000","180200000"
"2026-02-05","174200000","177200000"
"2026-02-06","173500000","176500000"
"2026-02-07","176300000","179300000"
"2026-02-08","176300000","179300000"
"2026-02-09","177400000","180400000"
"2026-02-10","178000000","181000000"
"2026-02-11","178000000","181000000"
"2026-02-12","178000000","181000000"
"2026-02-13","176000000","179000000"
"2026-02-14","178000000","181000000"
"2026-02-15","178000000","181000000"
"2026-02-16","178000000","181000000"
"2026-02-17","178000000","181000000"
"2026-02-18","178000000","181000000"
"2026-02-19","178000000","181000000"
"2026-02-20","178000000","181000000"
"2026-02-21","178000000","181000000"
"2026-02-22","178000000","181000000"
"2026-02-23","181600000","184600000"
"2026-02-24","181600000","184600000"
"2026-02-25","182300000","185300000"
"2026-02-26","182000000","185000000"
"2026-02-27","181000000","184000000"
"2026-02-28","184000000","187000000"
"2026-03-01","184000000","187000000"
"2026-03-02","187900000","190900000"
"2026-03-03","185200000","188200000"
"2026-03-04","181200000","184200000"
"2026-03-05","181700000","184700000"
"2026-03-06","180800000","183800000"
"2026-03-07","182000000","185000000"
"2026-03-08","182000000","185000000"
"2026-03-09","181100000","184100000"
"2026-03-10","183100000","186100000"
"2026-03-11","184200000","187200000"
"2026-03-12","183300000","186300000"
"2026-03-13","181800000","184800000"
"2026-03-14","179600000","182600000"
"2026-03-15","179600000","182600000"
"2026-03-16","180100000","183100000"
"2026-03-17","180000000","183000000"
"2026-03-18","180000000","183000000"
"2026-03-19","172500000","175500000"
"2026-03-20","173100000","176100000"
"2026-03-21","168000000","171000000"
"2026-03-22","168000000","171000000"
"2026-03-23","160800000","163800000"
"2026-03-24","167200000","170200000"
"2026-03-25","170500000","173500000"
"2026-03-26","168500000","171500000"
"2026-03-27","168600000","171600000"
"2026-03-28","169800000","172800000"
"2026-03-29","169800000","172800000"
"2026-03-30","170800000","173800000"
"2026-03-31","171900000","174900000"
"2026-04-01","173700000","176700000"
"2026-04-02","170000000","173500000"
"2026-04-03","171000000","174500000"
"2026-04-04","171500000","174500000"
"2026-04-05","171500000","174500000"
"2026-04-06","170100000","173100000"
"2026-04-07","169500000","172500000"
"2026-04-08","171000000","175000000"
"2026-04-09","168500000","171500000"
"2026-04-10","169700000","172700000"
"2026-04-11","169400000","172400000"
"2026-04-12","169400000","172400000"
"2026-04-13","168500000","171500000"
"2026-04-14","170500000","173000000"
"2026-04-15","170000000","173500000"
"2026-04-16","167700000","171200000"
"2026-04-17","167500000","171000000"
"2026-04-18","168500000","172000000"
"2026-04-19","168500000","172000000"
"2026-04-20","168300000","171300000"
"2026-04-21","168100000","170600000"
"2026-04-22","167500000","170000000"
"2026-04-28","166300000","168800000"
"2026-04-29","166300000","168800000"
"2026-04-30","163000000","166000000"
"2026-05-01","163000000","166000000"
"2026-05-02","163000000","166000000"
"2026-05-03","163000000","166000000"
"2026-05-04","163300000","166300000"
"2026-05-05","162000000","165000000"
"2026-05-06","163000000","166000000"
"2026-05-07","164500000","167500000"
"2026-05-08","164500000","167500000"
"2026-05-09","164500000","167500000"
"2026-05-10","164500000","167500000"
"2026-05-11","162200000","165200000"
"2026-05-12","162500000","165500000"
"2026-05-13","162000000","165000000"
"2026-05-14","162000000","165000000"
"2026-05-15","161000000","164000000"
"2026-05-16","160500000","163500000"
"2026-05-17","160500000","163500000"
"2026-05-18","161300000","163800000"
"2026-05-19","161000000","163500000"
"2026-05-20","159000000","162000000"
"2026-05-21","159400000","162400000"
"2026-05-22","159000000","162000000"
"2026-05-23","158500000","161500000"
"2026-05-24","158500000","161500000"
"2026-05-25","159000000","162000000"
"2026-05-26","158500000","161500000"
"2026-05-27","157700000","160700000"
"2026-05-28","154500000","157500000"
"2026-05-29","155500000","158500000"
"2026-05-30","156000000","159000000"
"2026-05-31","156000000","159000000"
"2026-06-01","155500000","158500000"
"2026-06-02","154500000","157500000"
"2026-06-03","154000000","157000000"
"2026-06-04","153000000","156000000"
"2026-06-05","149200000","153200000"
"2026-06-06","146200000","150200000"
"2026-06-07","146200000","150200000"
"2026-06-08","138800000","143800000"
"2026-06-09","138800000","143800000"
"2026-06-10","133300000","138300000"
"2026-06-11","133400000","138400000"
"2026-06-12","142400000","145400000"
"2026-06-13","144000000","147000000"
"2026-06-14","144000000","147000000"
"2026-06-15","148000000","150500000"
"2026-06-16","149500000","151500000"
"2026-06-17","148800000","151300000"
"2026-06-18","148800000","151300000"
"2026-06-19","143700000","146700000"
"2026-06-20","144200000","147200000"
"2026-06-21","144200000","147200000"
"2026-06-22","145600000","148600000"
"2026-06-23","144000000","147000000"
"2026-06-24","144000000","147000000"
"2026-06-25","143200000","146200000"
"2026-06-26","144000000","147000000"
"2026-06-27","145500000","148500000"
"2026-06-28","145500000","148500000"
"2026-06-29","145000000","148000000"
"2026-06-30","144000000","147000000"
"2026-07-01","143400000","146400000"
"2026-07-02","145400000","148400000"
"2026-07-03","148400000","151400000"
"2026-07-04","148400000","151400000"
"2026-07-05","148400000","151400000"
"2026-07-06","148400000","151400000"
"2026-07-07","147000000","150000000"
"2026-07-08","146500000","149500000"
"2026-07-09","145500000","148500000"
"2026-07-10","146900000","149900000"
"2026-07-11","146900000","149900000"
"2026-07-12","146900000","149900000"
"2026-07-13","145400000","148400000"
"2026-07-14","144500000","147500000"
"2026-07-15","145500000","148500000"
"2026-07-16","145200000","148200000"
"2026-07-17","143600000","146600000"
"2026-07-18","144500000","147500000"
"2026-07-19","144500000","147500000"
"2026-07-20","143000000","146000000"
"2026-07-21","143600000","146600000"
"2026-07-22","142000000","146000000"
"2026-07-23","135000000","140000000"
"2026-07-24","135500000","140500000"
"2026-07-25","137500000","141500000"
"2026-07-26","137500000","141500000"
"2026-07-27","139000000","143000000"
"2026-07-28","137500000","141500000"
"2026-07-29","137500000","141500000"
"2026-07-30","137700000","141700000"
"2026-07-31","137900000","141900000"
"2026-08-01","137000000","141000000"
"2026-08-02","137000000","141000000"
"2026-08-03","137500000","141000000"
"2026-08-04","137500000","140500000"
"2026-08-05","138800000","141800000"
"2026-08-06","139700000","142700000"
"2026-08-07","139700000","142700000"
"2026-08-08","141000000","144000000"
"2026-08-09","141000000","144000000"
"2026-08-10","141100000","144100000"
"2026-08-11","140500000","143500000"
"2026-08-12","141300000","144300000"
"2026-08-13","141300000","144300000"
"2026-08-14","140300000","143300000"
"2026-08-15","140300000","143300000"
"2026-08-16","141000000","144000000"
"2026-08-17","141800000","144800000"
"2026-08-18","141800000","144800000"
"2026-08-19","141800000","144800000"
"2026-08-20","143000000","146000000"
"2026-08-21","144000000","147000000"
"2026-08-22","144600000","147600000"
"2026-08-23","144600000","147600000"
"2026-08-24","147000000","150000000"
"2026-08-25","147600000","150600000"
"2026-08-26","147300000","150300000"
"2026-08-27","147000000","150000000"
"2026-08-28","147200000","150200000"
"2026-08-29","145700000","148700000"
"2026-08-30","145700000","148700000"
"2026-08-31","145700000","148700000"
"2026-09-01","145700000","148700000"
"2026-09-02","145700000","148700000"
"2026-09-03","145400000","148400000"
"2026-09-04","145600000","148600000"
"2026-09-05","144600000","147600000"
"2026-09-06","144600000","147600000"
"2026-09-07","143500000","146500000"
"2026-09-08","143600000","146600000"
"2026-09-09","143600000","146600000"
"2026-09-10","143600000","146600000"
"2026-09-11","142400000","145400000"
"2026-09-12","143000000","146000000"
"2026-09-13","143000000","146000000"
"2026-09-14","142600000","145600000"
"2026-09-15","142300000","145300000"
"2026-09-16","143500000","146500000"
"2026-09-17","142800000","145800000"
"2026-09-18","144600000","147600000"
"2026-09-19","144600000","147600000"
"2026-09-20","144600000","147600000"
"2026-09-21","143600000","146600000"
"2026-09-22","141900000","144900000"
"2026-09-23","142500000","145500000"
"2026-09-24","141400000","144400000"